{
  "source_domain": "晴天",
  "target_domain": "黑天",
  "num_runs": 5,
  "source_epochs": 50,
  "adapt_epochs": 50,
  "batch_size": 32,
  "results": [
    {
      "seed": 42,
      "num_classes": 15,
      "best_source_epoch": 29,
      "best_source_results": {
        "accuracy": 0.9961089494163424,
        "precision": 0.9962406015037594,
        "recall": 0.9957983193277311,
        "f1_score": 0.9959049909055846,
        "miou": 0.9920389208314905,
        "pred_hist": {
          "1": 31,
          "2": 17,
          "3": 21,
          "4": 30,
          "5": 16,
          "6": 15,
          "7": 21,
          "8": 13,
          "9": 32,
          "10": 12,
          "11": 19,
          "12": 12,
          "13": 10,
          "14": 8
        },
        "label_hist": {
          "1": 31,
          "2": 17,
          "3": 21,
          "4": 30,
          "5": 17,
          "6": 15,
          "7": 21,
          "8": 13,
          "9": 32,
          "10": 12,
          "11": 18,
          "12": 12,
          "13": 10,
          "14": 8
        },
        "avg_modal_weight_ir": 0.5071263909339905,
        "avg_modal_weight_visible": 0.49287354946136475
      },
      "target_before_results": {
        "accuracy": 0.03333333333333333,
        "precision": 0.028532352386342198,
        "recall": 0.031302257525083615,
        "f1_score": 0.029520695323759633,
        "miou": 0.011244437380801019,
        "pred_hist": {
          "1": 19,
          "2": 31,
          "3": 51,
          "6": 1,
          "7": 1,
          "8": 1,
          "9": 9,
          "10": 6,
          "12": 1
        },
        "label_hist": {
          "1": 26,
          "2": 23,
          "5": 41,
          "6": 3,
          "7": 11,
          "9": 8,
          "11": 3,
          "12": 5
        },
        "avg_modal_weight_ir": 0.5586556792259216,
        "avg_modal_weight_visible": 0.44134435057640076
      },
      "best_target_epoch": 6,
      "best_target_results": {
        "accuracy": 0.9416666666666667,
        "precision": 0.9108527131782946,
        "recall": 0.9335664335664335,
        "f1_score": 0.905896227571817,
        "miou": 0.8444191467447282,
        "pred_hist": {
          "1": 24,
          "2": 24,
          "5": 43,
          "6": 4,
          "7": 6,
          "9": 8,
          "11": 3,
          "12": 8
        },
        "label_hist": {
          "1": 26,
          "2": 23,
          "5": 41,
          "6": 3,
          "7": 11,
          "9": 8,
          "11": 3,
          "12": 5
        },
        "avg_modal_weight_ir": 0.520926296710968,
        "avg_modal_weight_visible": 0.4790736734867096
      },
      "target_after_results": {
        "accuracy": 0.8416666666666667,
        "precision": 0.823077315381477,
        "recall": 0.7723870156001651,
        "f1_score": 0.7535935056310064,
        "miou": 0.5736019764623884,
        "pred_hist": {
          "1": 20,
          "2": 21,
          "5": 43,
          "6": 5,
          "7": 6,
          "9": 19,
          "10": 1,
          "11": 3,
          "12": 2
        },
        "label_hist": {
          "1": 26,
          "2": 23,
          "5": 41,
          "6": 3,
          "7": 11,
          "9": 8,
          "11": 3,
          "12": 5
        },
        "avg_modal_weight_ir": 0.4913598299026489,
        "avg_modal_weight_visible": 0.5086402297019958
      }
    },
    {
      "seed": 43,
      "num_classes": 15,
      "best_source_epoch": 17,
      "best_source_results": {
        "accuracy": 1.0,
        "precision": 1.0,
        "recall": 1.0,
        "f1_score": 0.9999999949999998,
        "miou": 1.0,
        "pred_hist": {
          "1": 31,
          "2": 17,
          "3": 21,
          "4": 30,
          "5": 17,
          "6": 15,
          "7": 21,
          "8": 13,
          "9": 32,
          "10": 12,
          "11": 18,
          "12": 12,
          "13": 10,
          "14": 8
        },
        "label_hist": {
          "1": 31,
          "2": 17,
          "3": 21,
          "4": 30,
          "5": 17,
          "6": 15,
          "7": 21,
          "8": 13,
          "9": 32,
          "10": 12,
          "11": 18,
          "12": 12,
          "13": 10,
          "14": 8
        },
        "avg_modal_weight_ir": 0.5029788613319397,
        "avg_modal_weight_visible": 0.49702104926109314
      },
      "target_before_results": {
        "accuracy": 0.03333333333333333,
        "precision": 0.03188405797101449,
        "recall": 0.04149247491638796,
        "f1_score": 0.03472074764583956,
        "miou": 0.013710635769459299,
        "pred_hist": {
          "1": 15,
          "2": 46,
          "3": 38,
          "8": 1,
          "9": 12,
          "10": 1,
          "12": 7
        },
        "label_hist": {
          "1": 26,
          "2": 23,
          "5": 41,
          "6": 3,
          "7": 11,
          "9": 8,
          "11": 3,
          "12": 5
        },
        "avg_modal_weight_ir": 0.5150337815284729,
        "avg_modal_weight_visible": 0.4849662184715271
      },
      "best_target_epoch": 46,
      "best_target_results": {
        "accuracy": 0.875,
        "precision": 0.9092261904761905,
        "recall": 0.7886072261072261,
        "f1_score": 0.761463228281255,
        "miou": 0.5591570466570466,
        "pred_hist": {
          "1": 24,
          "2": 24,
          "3": 1,
          "5": 41,
          "6": 1,
          "7": 1,
          "9": 8,
          "10": 3,
          "11": 3,
          "12": 14
        },
        "label_hist": {
          "1": 26,
          "2": 23,
          "5": 41,
          "6": 3,
          "7": 11,
          "9": 8,
          "11": 3,
          "12": 5
        },
        "avg_modal_weight_ir": 0.47008708119392395,
        "avg_modal_weight_visible": 0.5299128890037537
      },
      "target_after_results": {
        "accuracy": 0.85,
        "precision": 0.7585129310344827,
        "recall": 0.7236888111888111,
        "f1_score": 0.69570512420845,
        "miou": 0.5625217694183211,
        "pred_hist": {
          "1": 24,
          "2": 29,
          "5": 41,
          "7": 2,
          "9": 8,
          "10": 3,
          "11": 3,
          "12": 10
        },
        "label_hist": {
          "1": 26,
          "2": 23,
          "5": 41,
          "6": 3,
          "7": 11,
          "9": 8,
          "11": 3,
          "12": 5
        },
        "avg_modal_weight_ir": 0.47668978571891785,
        "avg_modal_weight_visible": 0.5233102440834045
      }
    },
    {
      "seed": 44,
      "num_classes": 15,
      "best_source_epoch": 31,
      "best_source_results": {
        "accuracy": 1.0,
        "precision": 1.0,
        "recall": 1.0,
        "f1_score": 0.9999999949999998,
        "miou": 1.0,
        "pred_hist": {
          "1": 31,
          "2": 17,
          "3": 21,
          "4": 30,
          "5": 17,
          "6": 15,
          "7": 21,
          "8": 13,
          "9": 32,
          "10": 12,
          "11": 18,
          "12": 12,
          "13": 10,
          "14": 8
        },
        "label_hist": {
          "1": 31,
          "2": 17,
          "3": 21,
          "4": 30,
          "5": 17,
          "6": 15,
          "7": 21,
          "8": 13,
          "9": 32,
          "10": 12,
          "11": 18,
          "12": 12,
          "13": 10,
          "14": 8
        },
        "avg_modal_weight_ir": 0.49536117911338806,
        "avg_modal_weight_visible": 0.5046387910842896
      },
      "target_before_results": {
        "accuracy": 0.041666666666666664,
        "precision": 0.0693452380952381,
        "recall": 0.036737040133779264,
        "f1_score": 0.046419131505813505,
        "miou": 0.020064102564102564,
        "pred_hist": {
          "1": 14,
          "2": 20,
          "3": 62,
          "5": 1,
          "9": 3,
          "10": 2,
          "12": 18
        },
        "label_hist": {
          "1": 26,
          "2": 23,
          "5": 41,
          "6": 3,