{
  "source_domain": "晴天",
  "target_domain": "雾天",
  "num_runs": 5,
  "source_epochs": 50,
  "adapt_epochs": 50,
  "batch_size": 32,
  "results": [
    {
      "seed": 42,
      "num_classes": 15,
      "best_source_epoch": 29,
      "best_source_results": {
        "accuracy": 0.9961089494163424,
        "precision": 0.9962406015037594,
        "recall": 0.9957983193277311,
        "f1_score": 0.9959049909055846,
        "miou": 0.9920389208314905,
        "pred_hist": {
          "1": 31,
          "2": 17,
          "3": 21,
          "4": 30,
          "5": 16,
          "6": 15,
          "7": 21,
          "8": 13,
          "9": 32,
          "10": 12,
          "11": 19,
          "12": 12,
          "13": 10,
          "14": 8
        },
        "label_hist": {
          "1": 31,
          "2": 17,
          "3": 21,
          "4": 30,
          "5": 17,
          "6": 15,
          "7": 21,
          "8": 13,
          "9": 32,
          "10": 12,
          "11": 18,
          "12": 12,
          "13": 10,
          "14": 8
        },
        "avg_modal_weight_ir": 0.5071263909339905,
        "avg_modal_weight_visible": 0.49287354946136475
      },
      "target_before_results": {
        "accuracy": 0.16666666666666666,
        "precision": 0.17082711527155972,
        "recall": 0.14324718491385158,
        "f1_score": 0.14747339801925122,
        "miou": 0.06836139551005173,
        "pred_hist": {
          "1": 39,
          "2": 13,
          "3": 20,
          "4": 6,
          "5": 7,
          "7": 1,
          "9": 27,
          "10": 3,
          "11": 11,
          "14": 5
        },
        "label_hist": {
          "1": 9,
          "2": 28,
          "4": 7,
          "5": 13,
          "6": 13,
          "8": 3,
          "9": 24,
          "10": 5,
          "11": 30
        },
        "avg_modal_weight_ir": 0.5033016800880432,
        "avg_modal_weight_visible": 0.4966983199119568
      },
      "best_target_epoch": 32,
      "best_target_results": {
        "accuracy": 0.9696969696969697,
        "precision": 0.9724053724053725,
        "recall": 0.8997354497354498,
        "f1_score": 0.9156709345627507,
        "miou": 0.8721408221408221,
        "pred_hist": {
          "1": 10,
          "2": 27,
          "4": 7,
          "5": 14,
          "6": 13,
          "8": 1,
          "9": 26,
          "10": 4,
          "11": 30
        },
        "label_hist": {
          "1": 9,
          "2": 28,
          "4": 7,
          "5": 13,
          "6": 13,
          "8": 3,
          "9": 24,
          "10": 5,
          "11": 30
        },
        "avg_modal_weight_ir": 0.4270407259464264,
        "avg_modal_weight_visible": 0.5729591846466064
      },
      "target_after_results": {
        "accuracy": 0.4318181818181818,
        "precision": 0.4904465071131738,
        "recall": 0.375664767331434,
        "f1_score": 0.40387143284891786,
        "miou": 0.25763011498305616,
        "pred_hist": {
          "1": 9,
          "2": 33,
          "4": 5,
          "5": 6,
          "7": 24,
          "9": 37,
          "10": 2,
          "11": 16
        },
        "label_hist": {
          "1": 9,
          "2": 28,
          "4": 7,
          "5": 13,
          "6": 13,
          "8": 3,
          "9": 24,
          "10": 5,
          "11": 30
        },
        "avg_modal_weight_ir": 0.49579405784606934,
        "avg_modal_weight_visible": 0.5042058825492859
      }
    },
    {
      "seed": 43,
      "num_classes": 15,
      "best_source_epoch": 17,
      "best_source_results": {
        "accuracy": 1.0,
        "precision": 1.0,
        "recall": 1.0,
        "f1_score": 0.9999999949999998,
        "miou": 1.0,
        "pred_hist": {
          "1": 31,
          "2": 17,
          "3": 21,
          "4": 30,
          "5": 17,
          "6": 15,
          "7": 21,
          "8": 13,
          "9": 32,
          "10": 12,
          "11": 18,
          "12": 12,
          "13": 10,
          "14": 8
        },
        "label_hist": {
          "1": 31,
          "2": 17,
          "3": 21,
          "4": 30,
          "5": 17,
          "6": 15,
          "7": 21,
          "8": 13,
          "9": 32,
          "10": 12,
          "11": 18,
          "12": 12,
          "13": 10,
          "14": 8
        },
        "avg_modal_weight_ir": 0.5029788613319397,
        "avg_modal_weight_visible": 0.49702104926109314
      },
      "target_before_results": {
        "accuracy": 0.17424242424242425,
        "precision": 0.1847041847041847,
        "recall": 0.12865282865282868,
        "f1_score": 0.13694808854994886,
        "miou": 0.06240310077519381,
        "pred_hist": {
          "1": 29,
          "2": 10,
          "3": 18,
          "4": 6,
          "5": 3,
          "7": 2,
          "8": 2,
          "9": 33,
          "10": 2,
          "11": 14,
          "14": 13
        },
        "label_hist": {
          "1": 9,
          "2": 28,
          "4": 7,
          "5": 13,
          "6": 13,
          "8": 3,
          "9": 24,
          "10": 5,
          "11": 30
        },
        "avg_modal_weight_ir": 0.48632338643074036,
        "avg_modal_weight_visible": 0.513676643371582
      },
      "best_target_epoch": 39,
      "best_target_results": {
        "accuracy": 0.9318181818181818,
        "precision": 0.9366880961863041,
        "recall": 0.883289241622575,
        "f1_score": 0.9016827726330683,
        "miou": 0.8386224381195645,
        "pred_hist": {
          "1": 8,
          "2": 28,
          "4": 4,
          "5": 13,
          "6": 14,
          "8": 3,
          "9": 27,
          "10": 4,
          "11": 31
        },
        "label_hist": {
          "1": 9,
          "2": 28,
          "4": 7,
          "5": 13,
          "6": 13,
          "8": 3,
          "9": 24,
          "10": 5,
          "11": 30
        },
        "avg_modal_weight_ir": 0.4181545376777649,
        "avg_modal_weight_visible": 0.5818454027175903
      },
      "target_after_results": {
        "accuracy": 0.8636363636363636,
        "precision": 0.867637931814177,
        "recall": 0.823941798941799,
        "f1_score": 0.8418966544680093,
        "miou": 0.6819376026272578,
        "pred_hist": {
          "1": 8,
          "2": 27,
          "3": 3,
          "4": 5,
          "5": 13,
          "6": 14,
          "8": 3,
          "9": 26,
          "10": 4,
          "11": 29
        },
        "label_hist": {
          "1": 9,
          "2": 28,
          "4": 7,
          "5": 13,
          "6": 13,
          "8": 3,
          "9": 24,
          "10": 5,
          "11": 30
        },
        "avg_modal_weight_ir": 0.4254750907421112,
        "avg_modal_weight_visible": 0.5745248198509216
      }
    },
    {
      "seed": 44,
      "num_classes": 15,
      "best_source_epoch": 31,
      "best_source_results": {
        "accuracy": 1.0,
        "precision": 1.0,
        "recall": 1.0,
        "f1_score": 0.9999999949999998,
        "miou": 1.0,
        "pred_hist": {
          "1": 31,
          "2": 17,
          "3": 21,
          "4": 30,
          "5": 17,
          "6": 15,
          "7": 21,
          "8": 13,
          "9": 32,
          "10": 12,
          "11": 18,
          "12": 12,
          "13": 10,
          "14": 8
        },
        "label_hist": {
          "1": 31,
          "2": 17,
          "3": 21,
          "4": 30,
          "5": 17,
          "6": 15,
          "7": 21,
          "8": 13,
          "9": 32,
          "10": 12,
          "11": 18,
          "12": 12,
          "13": 10,
          "14": 8
        },
        "avg_modal_weight_ir": 0.49536117911338806,
        "avg_modal_weight_visible": 0.5046387910842896
      },
      "target_before_results": {
        "accuracy": 0.24242424242424243,
        "precision": 0.3052910052910053,
        "recall": 0.19415954415954417,
        "f1_score": 0.20949221104403548,
        "miou": 0.1005799755799756,