{
  "source_domain": "晴天",
  "target_domain": "雨天",
  "num_runs": 5,
  "source_epochs": 50,
  "adapt_epochs": 50,
  "batch_size": 32,
  "results": [
    {
      "seed": 42,
      "num_classes": 15,
      "best_source_epoch": 29,
      "best_source_results": {
        "accuracy": 0.9961089494163424,
        "precision": 0.9962406015037594,
        "recall": 0.9957983193277311,
        "f1_score": 0.9959049909055846,
        "miou": 0.9920389208314905,
        "pred_hist": {
          "1": 31,
          "2": 17,
          "3": 21,
          "4": 30,
          "5": 16,
          "6": 15,
          "7": 21,
          "8": 13,
          "9": 32,
          "10": 12,
          "11": 19,
          "12": 12,
          "13": 10,
          "14": 8
        },
        "label_hist": {
          "1": 31,
          "2": 17,
          "3": 21,
          "4": 30,
          "5": 17,
          "6": 15,
          "7": 21,
          "8": 13,
          "9": 32,
          "10": 12,
          "11": 18,
          "12": 12,
          "13": 10,
          "14": 8
        },
        "avg_modal_weight_ir": 0.5071263909339905,
        "avg_modal_weight_visible": 0.49287354946136475
      },
      "target_before_results": {
        "accuracy": 0.23076923076923078,
        "precision": 0.19444444444444445,
        "recall": 0.25,
        "f1_score": 0.21818181655537194,
        "miou": 0.0984848484848485,
        "pred_hist": {
          "1": 3,
          "2": 1,
          "3": 11,
          "8": 2,
          "9": 6,
          "12": 2,
          "14": 1
        },
        "label_hist": {
          "1": 2,
          "5": 8,
          "6": 4,
          "7": 2,
          "9": 5,
          "11": 5
        },
        "avg_modal_weight_ir": 0.5006237030029297,
        "avg_modal_weight_visible": 0.49937623739242554
      },
      "best_target_epoch": 23,
      "best_target_results": {
        "accuracy": 0.7692307692307693,
        "precision": 0.7424242424242425,
        "recall": 0.75,
        "f1_score": 0.7152777738208913,
        "miou": 0.6590909090909091,
        "pred_hist": {
          "5": 4,
          "6": 4,
          "7": 2,
          "9": 11,
          "11": 5
        },
        "label_hist": {
          "1": 2,
          "5": 8,
          "6": 4,
          "7": 2,
          "9": 5,
          "11": 5
        },
        "avg_modal_weight_ir": 0.4611077904701233,
        "avg_modal_weight_visible": 0.5388922095298767
      },
      "target_after_results": {
        "accuracy": 0.7692307692307693,
        "precision": 0.9166666666666666,
        "recall": 0.775,
        "f1_score": 0.773015868561527,
        "miou": 0.5928571428571429,
        "pred_hist": {
          "1": 2,
          "3": 1,
          "5": 8,
          "6": 1,
          "7": 2,
          "9": 10,
          "11": 2
        },
        "label_hist": {
          "1": 2,
          "5": 8,
          "6": 4,
          "7": 2,
          "9": 5,
          "11": 5
        },
        "avg_modal_weight_ir": 0.4645533859729767,
        "avg_modal_weight_visible": 0.5354465842247009
      }
    },
    {
      "seed": 43,
      "num_classes": 15,
      "best_source_epoch": 17,
      "best_source_results": {
        "accuracy": 1.0,
        "precision": 1.0,
        "recall": 1.0,
        "f1_score": 0.9999999949999998,
        "miou": 1.0,
        "pred_hist": {
          "1": 31,
          "2": 17,
          "3": 21,
          "4": 30,
          "5": 17,
          "6": 15,
          "7": 21,
          "8": 13,
          "9": 32,
          "10": 12,
          "11": 18,
          "12": 12,
          "13": 10,
          "14": 8
        },
        "label_hist": {
          "1": 31,
          "2": 17,
          "3": 21,
          "4": 30,
          "5": 17,
          "6": 15,
          "7": 21,
          "8": 13,
          "9": 32,
          "10": 12,
          "11": 18,
          "12": 12,
          "13": 10,
          "14": 8
        },
        "avg_modal_weight_ir": 0.5029788613319397,
        "avg_modal_weight_visible": 0.49702104926109314
      },
      "target_before_results": {
        "accuracy": 0.19230769230769232,
        "precision": 0.07575757575757576,
        "recall": 0.16666666666666666,
        "f1_score": 0.10416666595052083,
        "miou": 0.045454545454545456,
        "pred_hist": {
          "2": 1,
          "3": 10,
          "9": 11,
          "12": 1,
          "14": 3
        },
        "label_hist": {
          "1": 2,
          "5": 8,
          "6": 4,
          "7": 2,
          "9": 5,
          "11": 5
        },
        "avg_modal_weight_ir": 0.5538166761398315,
        "avg_modal_weight_visible": 0.44618335366249084
      },
      "best_target_epoch": 45,
      "best_target_results": {
        "accuracy": 1.0,
        "precision": 1.0,
        "recall": 1.0,
        "f1_score": 0.9999999949999999,
        "miou": 1.0,
        "pred_hist": {
          "1": 2,
          "5": 8,
          "6": 4,
          "7": 2,
          "9": 5,
          "11": 5
        },
        "label_hist": {
          "1": 2,
          "5": 8,
          "6": 4,
          "7": 2,
          "9": 5,
          "11": 5
        },
        "avg_modal_weight_ir": 0.43008965253829956,
        "avg_modal_weight_visible": 0.5699103474617004
      },
      "target_after_results": {
        "accuracy": 0.9230769230769231,
        "precision": 0.7857142857142857,
        "recall": 0.8333333333333334,
        "f1_score": 0.8055555514120369,
        "miou": 0.7857142857142857,
        "pred_hist": {
          "5": 8,
          "6": 4,
          "7": 2,
          "9": 7,
          "11": 5
        },
        "label_hist": {
          "1": 2,
          "5": 8,
          "6": 4,
          "7": 2,
          "9": 5,
          "11": 5
        },
        "avg_modal_weight_ir": 0.42718613147735596,
        "avg_modal_weight_visible": 0.5728139281272888
      }
    },
    {
      "seed": 44,
      "num_classes": 15,
      "best_source_epoch": 31,
      "best_source_results": {
        "accuracy": 1.0,
        "precision": 1.0,
        "recall": 1.0,
        "f1_score": 0.9999999949999998,
        "miou": 1.0,
        "pred_hist": {
          "1": 31,
          "2": 17,
          "3": 21,
          "4": 30,
          "5": 17,
          "6": 15,
          "7": 21,
          "8": 13,
          "9": 32,
          "10": 12,
          "11": 18,
          "12": 12,
          "13": 10,
          "14": 8
        },
        "label_hist": {
          "1": 31,
          "2": 17,
          "3": 21,
          "4": 30,
          "5": 17,
          "6": 15,
          "7": 21,
          "8": 13,
          "9": 32,
          "10": 12,
          "11": 18,
          "12": 12,
          "13": 10,
          "14": 8
        },
        "avg_modal_weight_ir": 0.49536117911338806,
        "avg_modal_weight_visible": 0.5046387910842896
      },
      "target_before_results": {
        "accuracy": 0.19230769230769232,
        "precision": 0.1388888888888889,
        "recall": 0.16666666666666666,
        "f1_score": 0.15151515068870525,
        "miou": 0.0925925925925926,
        "pred_hist": {
          "1": 2,
          "3": 16,
          "8": 1,
          "9": 6,
          "14": 1
        },
        "label_hist": {
          "1": 2,
          "5": 8,
          "6": 4,
          "7": 2,
          "9": 5,
          "11": 5
        },
        "avg_modal_weight_ir": 0.5657591819763184,
        "avg_modal_weight_visible": 0.43424078822135925
      },
      "best_target_epoch": 50,
      "best_target_results": {
        "accuracy": 0.9615384615384616,
        "precision": 0.9722222222222222,
        "recall": 0.9166666666666666,
        "f1_score": 0.9292929243924091,
        "miou": 0.8888888888888888,
        "pred_hist": {
          "1": 1,
          "5": 8,
          "6": 4,
          "7": 2,
          "9": 6,
          "11": 5
        },
        "label_hist": {
          "1": 2,
          "5": 8,
          "6": 4,
          "7": 2,
          "9": 5,