{
  "source_domain": "晴天",
  "target_domain": "逆光",
  "num_runs": 5,
  "source_epochs": 50,
  "adapt_epochs": 50,
  "batch_size": 32,
  "results": [
    {
      "seed": 42,
      "num_classes": 15,
      "best_source_epoch": 29,
      "best_source_results": {
        "accuracy": 0.9961089494163424,
        "precision": 0.9962406015037594,
        "recall": 0.9957983193277311,
        "f1_score": 0.9959049909055846,
        "miou": 0.9920389208314905,
        "pred_hist": {
          "1": 31,
          "2": 17,
          "3": 21,
          "4": 30,
          "5": 16,
          "6": 15,
          "7": 21,
          "8": 13,
          "9": 32,
          "10": 12,
          "11": 19,
          "12": 12,
          "13": 10,
          "14": 8
        },
        "label_hist": {
          "1": 31,
          "2": 17,
          "3": 21,
          "4": 30,
          "5": 17,
          "6": 15,
          "7": 21,
          "8": 13,
          "9": 32,
          "10": 12,
          "11": 18,
          "12": 12,
          "13": 10,
          "14": 8
        },
        "avg_modal_weight_ir": 0.5071263909339905,
        "avg_modal_weight_visible": 0.49287354946136475
      },
      "target_before_results": {
        "accuracy": 0.35135135135135137,
        "precision": 0.44017094017094016,
        "recall": 0.3888888888888889,
        "f1_score": 0.35800612405960375,
        "miou": 0.18934911242603553,
        "pred_hist": {
          "1": 13,
          "2": 4,
          "3": 3,
          "5": 2,
          "6": 3,
          "7": 1,
          "9": 1,
          "10": 3,
          "11": 2,
          "12": 2,
          "13": 1,
          "14": 2
        },
        "label_hist": {
          "1": 6,
          "5": 4,
          "6": 4,
          "7": 8,
          "8": 1,
          "9": 6,
          "11": 3,
          "13": 4,
          "14": 1
        },
        "avg_modal_weight_ir": 0.5933369994163513,
        "avg_modal_weight_visible": 0.40666303038597107
      },
      "best_target_epoch": 16,
      "best_target_results": {
        "accuracy": 0.972972972972973,
        "precision": 0.9777777777777779,
        "recall": 0.9814814814814815,
        "f1_score": 0.9775533058980943,
        "miou": 0.9592592592592593,
        "pred_hist": {
          "1": 6,
          "5": 4,
          "6": 4,
          "7": 8,
          "8": 1,
          "9": 5,
          "11": 3,
          "13": 5,
          "14": 1
        },
        "label_hist": {
          "1": 6,
          "5": 4,
          "6": 4,
          "7": 8,
          "8": 1,
          "9": 6,
          "11": 3,
          "13": 4,
          "14": 1
        },
        "avg_modal_weight_ir": 0.539596438407898,
        "avg_modal_weight_visible": 0.46040353178977966
      },
      "target_after_results": {
        "accuracy": 0.918918918918919,
        "precision": 0.9444444444444444,
        "recall": 0.9537037037037037,
        "f1_score": 0.9369889320665946,
        "miou": 0.7348484848484849,
        "pred_hist": {
          "1": 6,
          "4": 1,
          "5": 4,
          "6": 4,
          "7": 6,
          "8": 2,
          "9": 5,
          "10": 1,
          "11": 3,
          "13": 4,
          "14": 1
        },
        "label_hist": {
          "1": 6,
          "5": 4,
          "6": 4,
          "7": 8,
          "8": 1,
          "9": 6,
          "11": 3,
          "13": 4,
          "14": 1
        },
        "avg_modal_weight_ir": 0.5094467401504517,
        "avg_modal_weight_visible": 0.49055320024490356
      }
    },
    {
      "seed": 43,
      "num_classes": 15,
      "best_source_epoch": 17,
      "best_source_results": {
        "accuracy": 1.0,
        "precision": 1.0,
        "recall": 1.0,
        "f1_score": 0.9999999949999998,
        "miou": 1.0,
        "pred_hist": {
          "1": 31,
          "2": 17,
          "3": 21,
          "4": 30,
          "5": 17,
          "6": 15,
          "7": 21,
          "8": 13,
          "9": 32,
          "10": 12,
          "11": 18,
          "12": 12,
          "13": 10,
          "14": 8
        },
        "label_hist": {
          "1": 31,
          "2": 17,
          "3": 21,
          "4": 30,
          "5": 17,
          "6": 15,
          "7": 21,
          "8": 13,
          "9": 32,
          "10": 12,
          "11": 18,
          "12": 12,
          "13": 10,
          "14": 8
        },
        "avg_modal_weight_ir": 0.5029788613319397,
        "avg_modal_weight_visible": 0.49702104926109314
      },
      "target_before_results": {
        "accuracy": 0.43243243243243246,
        "precision": 0.5277777777777778,
        "recall": 0.4444444444444444,
        "f1_score": 0.4063492036123961,
        "miou": 0.21153846153846154,
        "pred_hist": {
          "1": 12,
          "2": 3,
          "3": 3,
          "5": 2,
          "6": 3,
          "7": 1,
          "9": 3,
          "10": 3,
          "11": 1,
          "12": 1,
          "13": 1,
          "14": 4
        },
        "label_hist": {
          "1": 6,
          "5": 4,
          "6": 4,
          "7": 8,
          "8": 1,
          "9": 6,
          "11": 3,
          "13": 4,
          "14": 1
        },
        "avg_modal_weight_ir": 0.5812700390815735,
        "avg_modal_weight_visible": 0.4187299609184265
      },
      "best_target_epoch": 22,
      "best_target_results": {
        "accuracy": 1.0,
        "precision": 1.0,
        "recall": 1.0,
        "f1_score": 0.999999995,
        "miou": 1.0,
        "pred_hist": {
          "1": 6,
          "5": 4,
          "6": 4,
          "7": 8,
          "8": 1,
          "9": 6,
          "11": 3,
          "13": 4,
          "14": 1
        },
        "label_hist": {
          "1": 6,
          "5": 4,
          "6": 4,
          "7": 8,
          "8": 1,
          "9": 6,
          "11": 3,
          "13": 4,
          "14": 1
        },
        "avg_modal_weight_ir": 0.5387784838676453,
        "avg_modal_weight_visible": 0.4612215459346771
      },
      "target_after_results": {
        "accuracy": 0.7837837837837838,
        "precision": 0.9166666666666666,
        "recall": 0.8703703703703705,
        "f1_score": 0.8544492497382499,
        "miou": 0.7083333333333334,
        "pred_hist": {
          "1": 12,
          "3": 1,
          "5": 3,
          "6": 4,
          "7": 2,
          "8": 1,
          "9": 5,
          "11": 4,
          "13": 4,
          "14": 1
        },
        "label_hist": {
          "1": 6,
          "5": 4,
          "6": 4,
          "7": 8,
          "8": 1,
          "9": 6,
          "11": 3,
          "13": 4,
          "14": 1
        },
        "avg_modal_weight_ir": 0.47961199283599854,
        "avg_modal_weight_visible": 0.5203880071640015
      }
    },
    {
      "seed": 44,
      "num_classes": 15,
      "best_source_epoch": 31,
      "best_source_results": {
        "accuracy": 1.0,
        "precision": 1.0,
        "recall": 1.0,
        "f1_score": 0.9999999949999998,
        "miou": 1.0,
        "pred_hist": {
          "1": 31,
          "2": 17,
          "3": 21,
          "4": 30,
          "5": 17,
          "6": 15,
          "7": 21,
          "8": 13,
          "9": 32,
          "10": 12,
          "11": 18,
          "12": 12,
          "13": 10,
          "14": 8
        },
        "label_hist": {
          "1": 31,
          "2": 17,
          "3": 21,
          "4": 30,
          "5": 17,
          "6": 15,
          "7": 21,
          "8": 13,
          "9": 32,
          "10": 12,
          "11": 18,
          "12": 12,
          "13": 10,
          "14": 8
        },
        "avg_modal_weight_ir": 0.49536117911338806,
        "avg_modal_weight_visible": 0.5046387910842896
      },
      "target_before_results": {
        "accuracy": 0.40540540540540543,
        "precision": 0.5290598290598291,
        "recall": 0.4351851851851852,
        "f1_score": 0.39327949238971777,
        "miou": 0.19130036630036631,